iPhone 13, 5499,95
Samsung Galaxy S22, 7992,00
MacBook Air, 3599,97
Sony PlayStation 5, 4999,90
Samsung 4K Smart TV, 4199,70
Canon EOS Rebel T7i, 2396,00
Dell XPS 13 Laptop, 6299,93
Bose QuietComfort 35 II, 3149,91
Nintendo Switch, 3599,88
Breville Espresso Machine, 1598,00
Sony WH-1000XM4 Headphones, 2399,60
LG OLED 4K TV, 8995,00
KitchenAid Stand Mixer, 2094,00
Google Pixel 6, 2397,00
Sony 65-Inch 8K TV, 5999,98
Apple Watch Series 7, 2793,00
Microsoft Surface Pro 7, 3199,96
Canon PowerShot G7 X Mark III, 3245,00
Samsung 32-Inch Monitor, 1999,90
Bose SoundLink Revolve, 1592,00
Sony A6400 Mirrorless Camera, 2697,00
Xbox Series X, 2999,94
